filepath,filename,client_id,project_id,chunk_index,reason,file_fingerprint,assign_method,assign_confidence
/workspaces/docex/src/webapp/assistants/project_assistant/tools/chatbot/data/klantcommunicatie/8_Klantcommunicatie_C001.pdf,8_Klantcommunicatie_C001.pdf,C001,UNKNOWN,,no_text_ocr_needed,d3155c044ffae250c7591feaf1689f6797fa2856,filename_or_meta,0.2
/workspaces/docex/src/webapp/assistants/project_assistant/tools/chatbot/data/klantcommunicatie/8_Klantcommunicatie_C002.pdf,8_Klantcommunicatie_C002.pdf,C002,UNKNOWN,,no_text_ocr_needed,b15b5f6e425b5d2eabe9371b71b88efc87336bae,filename_or_meta,0.2
/workspaces/docex/src/webapp/assistants/project_assistant/tools/chatbot/data/klantcommunicatie/8_Klantcommunicatie_C003.pdf,8_Klantcommunicatie_C003.pdf,C003,UNKNOWN,,no_text_ocr_needed,60b1764b4a5b4ef1ba6c656d61601be2c64e2eb5,filename_or_meta,0.2
/workspaces/docex/src/webapp/assistants/project_assistant/tools/chatbot/data/klantcommunicatie/8_Klantcommunicatie_C004.pdf,8_Klantcommunicatie_C004.pdf,C004,UNKNOWN,,no_text_ocr_needed,9a78649045df935b47529991e3d176ffbdff85ca,filename_or_meta,0.2
/workspaces/docex/src/webapp/assistants/project_assistant/tools/chatbot/data/klantcommunicatie/8_Klantcommunicatie_C005.pdf,8_Klantcommunicatie_C005.pdf,C005,UNKNOWN,,no_text_ocr_needed,cd052375d3ca80276b911705b102bd3198db7870,filename_or_meta,0.2
/workspaces/docex/src/webapp/assistants/project_assistant/tools/chatbot/data/klantcommunicatie/8_Klantcommunicatie_C006.pdf,8_Klantcommunicatie_C006.pdf,C006,UNKNOWN,,no_text_ocr_needed,352de49facdad93871052d404e5e178cf537efbd,filename_or_meta,0.2
/workspaces/docex/src/webapp/assistants/project_assistant/tools/chatbot/data/klantcommunicatie/8_Klantcommunicatie_C007.pdf,8_Klantcommunicatie_C007.pdf,C007,UNKNOWN,,no_text_ocr_needed,81ad949354497480c77ed00a693fcbe43fbce5fc,filename_or_meta,0.2
/workspaces/docex/src/webapp/assistants/project_assistant/tools/chatbot/data/klantorders/10_Klantorders_C001.pdf,10_Klantorders_C001.pdf,C001,UNKNOWN,,no_text_ocr_needed,a8931c24ec2765a07659804ed92fefb61dabdf13,filename_or_meta,0.2
/workspaces/docex/src/webapp/assistants/project_assistant/tools/chatbot/data/klantorders/10_Klantorders_C002.pdf,10_Klantorders_C002.pdf,C002,UNKNOWN,,no_text_ocr_needed,18a385fc5367172a75c29585fd981f308568cebe,filename_or_meta,0.2
/workspaces/docex/src/webapp/assistants/project_assistant/tools/chatbot/data/klantorders/10_Klantorders_C003.pdf,10_Klantorders_C003.pdf,C003,UNKNOWN,,no_text_ocr_needed,b87626e3c590c81f2bb74309dcfeb6a260d923ee,filename_or_meta,0.2
/workspaces/docex/src/webapp/assistants/project_assistant/tools/chatbot/data/klantorders/10_Klantorders_C004.pdf,10_Klantorders_C004.pdf,C004,UNKNOWN,,no_text_ocr_needed,0c50c3da2e1a29bd9aa9167ba0aa61c6c9fc336d,filename_or_meta,0.2
/workspaces/docex/src/webapp/assistants/project_assistant/tools/chatbot/data/klantorders/10_Klantorders_C005.pdf,10_Klantorders_C005.pdf,C005,UNKNOWN,,no_text_ocr_needed,3889c15638427dbf93eb9caf195f0504b7365497,filename_or_meta,0.2
/workspaces/docex/src/webapp/assistants/project_assistant/tools/chatbot/data/klantorders/10_Klantorders_C006.pdf,10_Klantorders_C006.pdf,C006,UNKNOWN,,no_text_ocr_needed,117734cc99e27304459d1035184b4da0b7ff8666,filename_or_meta,0.2
/workspaces/docex/src/webapp/assistants/project_assistant/tools/chatbot/data/klantorders/10_Klantorders_C007.pdf,10_Klantorders_C007.pdf,C007,UNKNOWN,,no_text_ocr_needed,9e0ec4beafc9c8872bcfa2449dccf191d374b66c,filename_or_meta,0.2
/workspaces/docex/src/webapp/assistants/project_assistant/tools/chatbot/data/klantorders/10_Klantorders_C008.pdf,10_Klantorders_C008.pdf,C008,UNKNOWN,,no_text_ocr_needed,5008fafd24f7104eb766429c068d6ad39aaa36ab,filename_or_meta,0.2
/workspaces/docex/src/webapp/assistants/project_assistant/tools/chatbot/data/orderbevestigingen/5_Orderbevestiging_C001.pdf,5_Orderbevestiging_C001.pdf,C001,UNKNOWN,,no_text_ocr_needed,3b7d547b0560bb6d1dadd95a17a4bfd9f4b647ab,filename_or_meta,0.2
/workspaces/docex/src/webapp/assistants/project_assistant/tools/chatbot/data/orderbevestigingen/5_Orderbevestiging_C002.pdf,5_Orderbevestiging_C002.pdf,C002,UNKNOWN,,no_text_ocr_needed,7c18c5a26471a5673cb508875673729325d4a5b6,filename_or_meta,0.2
/workspaces/docex/src/webapp/assistants/project_assistant/tools/chatbot/data/orderbevestigingen/5_Orderbevestiging_C003.pdf,5_Orderbevestiging_C003.pdf,C003,UNKNOWN,,no_text_ocr_needed,c407c6b14fd81d51ed4ade7ca4a514ecd0e3a302,filename_or_meta,0.2
/workspaces/docex/src/webapp/assistants/project_assistant/tools/chatbot/data/orderbevestigingen/5_Orderbevestiging_C004.pdf,5_Orderbevestiging_C004.pdf,C004,UNKNOWN,,no_text_ocr_needed,0c3e09059619148faaa3f0e95d743ff4f1854017,filename_or_meta,0.2
/workspaces/docex/src/webapp/assistants/project_assistant/tools/chatbot/data/orderbevestigingen/5_Orderbevestiging_C005.pdf,5_Orderbevestiging_C005.pdf,C005,UNKNOWN,,no_text_ocr_needed,645c497335b9cbb19f3c27de6253b2e0f48dec28,filename_or_meta,0.2
/workspaces/docex/src/webapp/assistants/project_assistant/tools/chatbot/data/orderbevestigingen/5_Orderbevestiging_C006.pdf,5_Orderbevestiging_C006.pdf,C006,UNKNOWN,,no_text_ocr_needed,4f2b05ca274e7a4f7a02ca362585fe5be2034acb,filename_or_meta,0.2
/workspaces/docex/src/webapp/assistants/project_assistant/tools/chatbot/data/orderbevestigingen/5_Orderbevestiging_C007.pdf,5_Orderbevestiging_C007.pdf,C007,UNKNOWN,,no_text_ocr_needed,6b9aa3d9981264adf3bfc6deb5a44bd0d1bf6ca1,filename_or_meta,0.2
/workspaces/docex/src/webapp/assistants/project_assistant/tools/chatbot/data/orderbevestigingen/5_Orderbevestiging_C008.pdf,5_Orderbevestiging_C008.pdf,C008,UNKNOWN,,no_text_ocr_needed,504fd022b268b6ecb2cbe43871f5b7be31a88e2e,filename_or_meta,0.2
/workspaces/docex/src/webapp/assistants/project_assistant/tools/chatbot/data/orderbevestigingen/5_Orderbevestiging_C009.pdf,5_Orderbevestiging_C009.pdf,C009,UNKNOWN,,no_text_ocr_needed,ff48c1683ec7e50b7f5a4bb576915511d4717fe9,filename_or_meta,0.2
/workspaces/docex/src/webapp/assistants/project_assistant/tools/chatbot/data/orderbevestigingen/5_Orderbevestiging_C010.pdf,5_Orderbevestiging_C010.pdf,C010,UNKNOWN,,no_text_ocr_needed,64371aac81a4c980cd9c1d58c4d54fa492953b12,filename_or_meta,0.2
/workspaces/docex/src/webapp/assistants/project_assistant/tools/chatbot/data/overige_documenten/1_Technische_omschrijving_C001.pdf,1_Technische_omschrijving_C001.pdf,C001,UNKNOWN,,no_text_ocr_needed,973f5a6cb585e7234b716d7cd73004a4772a7d34,filename_or_meta,0.2
/workspaces/docex/src/webapp/assistants/project_assistant/tools/chatbot/data/overige_documenten/1_Technische_omschrijving_C002.pdf,1_Technische_omschrijving_C002.pdf,C002,UNKNOWN,,no_text_ocr_needed,007bb731679d42ddaccab3bb48909bc31292603b,filename_or_meta,0.2
/workspaces/docex/src/webapp/assistants/project_assistant/tools/chatbot/data/overige_documenten/1_Technische_omschrijving_C003.pdf,1_Technische_omschrijving_C003.pdf,C003,UNKNOWN,,no_text_ocr_needed,0c876485bed1f4b86cba4043fefc18d9dc128938,filename_or_meta,0.2
/workspaces/docex/src/webapp/assistants/project_assistant/tools/chatbot/data/overige_documenten/1_Technische_omschrijving_C004.pdf,1_Technische_omschrijving_C004.pdf,C004,UNKNOWN,,no_text_ocr_needed,1140580acccd774398f8ea3e9fb5123231cc4aa6,filename_or_meta,0.2
/workspaces/docex/src/webapp/assistants/project_assistant/tools/chatbot/data/overige_documenten/1_Technische_omschrijving_C005.pdf,1_Technische_omschrijving_C005.pdf,C005,UNKNOWN,,no_text_ocr_needed,5c38edd53c782b10dd25832ae4aeebc4c97cad31,filename_or_meta,0.2
/workspaces/docex/src/webapp/assistants/project_assistant/tools/chatbot/data/overige_documenten/1_Technische_omschrijving_C006.pdf,1_Technische_omschrijving_C006.pdf,C006,UNKNOWN,,no_text_ocr_needed,62c0f20ae7be000e9fdd774a9852380deeae4235,filename_or_meta,0.2
/workspaces/docex/src/webapp/assistants/project_assistant/tools/chatbot/data/overige_documenten/1_Technische_omschrijving_C007.pdf,1_Technische_omschrijving_C007.pdf,C007,UNKNOWN,,no_text_ocr_needed,67c646e8562250ff351b8ed440faa82d377f2f3b,filename_or_meta,0.2
/workspaces/docex/src/webapp/assistants/project_assistant/tools/chatbot/data/overige_documenten/1_Technische_omschrijving_C008.pdf,1_Technische_omschrijving_C008.pdf,C008,UNKNOWN,,no_text_ocr_needed,8403d6700c5ad8981875f8f2f0bdcfb32e72541d,filename_or_meta,0.2
/workspaces/docex/src/webapp/assistants/project_assistant/tools/chatbot/data/overige_documenten/2_Staat_van_wijziging_C001.pdf,2_Staat_van_wijziging_C001.pdf,C001,UNKNOWN,,no_text_ocr_needed,fa49ea91600fcb008d02a73d92e7574c8935a0a1,filename_or_meta,0.2
/workspaces/docex/src/webapp/assistants/project_assistant/tools/chatbot/data/overige_documenten/2_Staat_van_wijziging_C002.pdf,2_Staat_van_wijziging_C002.pdf,C002,UNKNOWN,,no_text_ocr_needed,7eb8bb45cb2f21e57e7c42334d342b11e8077a02,filename_or_meta,0.2
/workspaces/docex/src/webapp/assistants/project_assistant/tools/chatbot/data/overige_documenten/2_Staat_van_wijziging_C003.pdf,2_Staat_van_wijziging_C003.pdf,C003,UNKNOWN,,no_text_ocr_needed,8ba3d93fbdae8b7e591f800b7241bc8ced78c054,filename_or_meta,0.2
/workspaces/docex/src/webapp/assistants/project_assistant/tools/chatbot/data/overige_documenten/2_Staat_van_wijziging_C004.pdf,2_Staat_van_wijziging_C004.pdf,C004,UNKNOWN,,no_text_ocr_needed,bf4488fc45f35c456d6e2c492a45411777e62ad9,filename_or_meta,0.2
/workspaces/docex/src/webapp/assistants/project_assistant/tools/chatbot/data/overige_documenten/2_Staat_van_wijziging_C005.pdf,2_Staat_van_wijziging_C005.pdf,C005,UNKNOWN,,no_text_ocr_needed,c486ba36aede45ba6e9f44b5203adfb27e63446e,filename_or_meta,0.2
/workspaces/docex/src/webapp/assistants/project_assistant/tools/chatbot/data/overige_documenten/2_Staat_van_wijziging_C006.pdf,2_Staat_van_wijziging_C006.pdf,C006,UNKNOWN,,no_text_ocr_needed,31540827452b77ee0ad45b7c92d2c92d7837f354,filename_or_meta,0.2
/workspaces/docex/src/webapp/assistants/project_assistant/tools/chatbot/data/overige_documenten/2_Staat_van_wijziging_C007.pdf,2_Staat_van_wijziging_C007.pdf,C007,UNKNOWN,,no_text_ocr_needed,10479223009ddb88eb4bc74c19fd64c529ceb52b,filename_or_meta,0.2
/workspaces/docex/src/webapp/assistants/project_assistant/tools/chatbot/data/overige_documenten/2_Staat_van_wijziging_C008.pdf,2_Staat_van_wijziging_C008.pdf,C008,UNKNOWN,,no_text_ocr_needed,6b27184ebc4febb2913854d6a1ecde51acd41b53,filename_or_meta,0.2
/workspaces/docex/src/webapp/assistants/project_assistant/tools/chatbot/data/overige_documenten/3_Woninggebonden_documenten_C001.pdf,3_Woninggebonden_documenten_C001.pdf,C001,UNKNOWN,,no_text_ocr_needed,1a7760b5b4f7a5f087e0e18b6b3bb0fd8ae1ad0f,filename_or_meta,0.2
/workspaces/docex/src/webapp/assistants/project_assistant/tools/chatbot/data/overige_documenten/3_Woninggebonden_documenten_C002.pdf,3_Woninggebonden_documenten_C002.pdf,C002,UNKNOWN,,no_text_ocr_needed,fca76a09b9c6842892b47569252826284edf9c12,filename_or_meta,0.2
/workspaces/docex/src/webapp/assistants/project_assistant/tools/chatbot/data/overige_documenten/3_Woninggebonden_documenten_C003.pdf,3_Woninggebonden_documenten_C003.pdf,C003,UNKNOWN,,no_text_ocr_needed,6a81861bd8b60a50175bea798c8e572e0396365d,filename_or_meta,0.2
/workspaces/docex/src/webapp/assistants/project_assistant/tools/chatbot/data/overige_documenten/3_Woninggebonden_documenten_C004.pdf,3_Woninggebonden_documenten_C004.pdf,C004,UNKNOWN,,no_text_ocr_needed,7c4b8f37d76265e04b6a80fdd7a86958687c27b8,filename_or_meta,0.2
/workspaces/docex/src/webapp/assistants/project_assistant/tools/chatbot/data/overige_documenten/3_Woninggebonden_documenten_C005.pdf,3_Woninggebonden_documenten_C005.pdf,C005,UNKNOWN,,no_text_ocr_needed,26752e7d2424939a012c8d20aec3234477f2ce03,filename_or_meta,0.2
/workspaces/docex/src/webapp/assistants/project_assistant/tools/chatbot/data/overige_documenten/3_Woninggebonden_documenten_C006.pdf,3_Woninggebonden_documenten_C006.pdf,C006,UNKNOWN,,no_text_ocr_needed,6f5ae7326329cab0ea66baa38ef05a79a227eb61,filename_or_meta,0.2
/workspaces/docex/src/webapp/assistants/project_assistant/tools/chatbot/data/overige_documenten/3_Woninggebonden_documenten_C007.pdf,3_Woninggebonden_documenten_C007.pdf,C007,UNKNOWN,,no_text_ocr_needed,7feed7cbe3ac8f948620cc170257fd8787f16880,filename_or_meta,0.2
/workspaces/docex/src/webapp/assistants/project_assistant/tools/chatbot/data/overige_documenten/3_Woninggebonden_documenten_C008.pdf,3_Woninggebonden_documenten_C008.pdf,C008,UNKNOWN,,no_text_ocr_needed,78d49bacce3b9b5c60ae7a6b41a3d3bca5da39f2,filename_or_meta,0.2
/workspaces/docex/src/webapp/assistants/project_assistant/tools/chatbot/data/overige_documenten/4_Kopergebonden_documenten_C001.pdf,4_Kopergebonden_documenten_C001.pdf,C001,UNKNOWN,,no_text_ocr_needed,c75c55e02e75972dd8371b3eace0efb111852d66,filename_or_meta,0.2
/workspaces/docex/src/webapp/assistants/project_assistant/tools/chatbot/data/overige_documenten/4_Kopergebonden_documenten_C002.pdf,4_Kopergebonden_documenten_C002.pdf,C002,UNKNOWN,,no_text_ocr_needed,72938da33ea99413895d6bc06fdacbec0b68c156,filename_or_meta,0.2
/workspaces/docex/src/webapp/assistants/project_assistant/tools/chatbot/data/overige_documenten/4_Kopergebonden_documenten_C003.pdf,4_Kopergebonden_documenten_C003.pdf,C003,UNKNOWN,,no_text_ocr_needed,8fcd07344c18fd3a0462ab01620ad5e707f6a580,filename_or_meta,0.2
/workspaces/docex/src/webapp/assistants/project_assistant/tools/chatbot/data/overige_documenten/4_Kopergebonden_documenten_C004.pdf,4_Kopergebonden_documenten_C004.pdf,C004,UNKNOWN,,no_text_ocr_needed,32efac39592961ee4db9234607326f457584bb2c,filename_or_meta,0.2
/workspaces/docex/src/webapp/assistants/project_assistant/tools/chatbot/data/overige_documenten/4_Kopergebonden_documenten_C005.pdf,4_Kopergebonden_documenten_C005.pdf,C005,UNKNOWN,,no_text_ocr_needed,656af389a9e556cc27533de9ff3c1cb72ff1c54a,filename_or_meta,0.2
/workspaces/docex/src/webapp/assistants/project_assistant/tools/chatbot/data/overige_documenten/4_Kopergebonden_documenten_C006.pdf,4_Kopergebonden_documenten_C006.pdf,C006,UNKNOWN,,no_text_ocr_needed,4385e09f5a8b2b64caff3bd147c7cbc2ede7ac55,filename_or_meta,0.2
/workspaces/docex/src/webapp/assistants/project_assistant/tools/chatbot/data/overige_documenten/4_Kopergebonden_documenten_C007.pdf,4_Kopergebonden_documenten_C007.pdf,C007,UNKNOWN,,no_text_ocr_needed,c5ef1b1cb32c1fbda11357c16d5d2f0070208f16,filename_or_meta,0.2
/workspaces/docex/src/webapp/assistants/project_assistant/tools/chatbot/data/overige_documenten/4_Kopergebonden_documenten_C008.pdf,4_Kopergebonden_documenten_C008.pdf,C008,UNKNOWN,,no_text_ocr_needed,3ac64e30fcdd8d16c41e529769adc1662c700677,filename_or_meta,0.2
/workspaces/docex/src/webapp/assistants/project_assistant/tools/chatbot/data/overige_documenten/6_Optie_informatie_per_woning_C001.pdf,6_Optie_informatie_per_woning_C001.pdf,C001,UNKNOWN,,no_text_ocr_needed,b7e0818a8184def21a437a03cad5d2b417ebb6e8,filename_or_meta,0.2
/workspaces/docex/src/webapp/assistants/project_assistant/tools/chatbot/data/overige_documenten/6_Optie_informatie_per_woning_C002.pdf,6_Optie_informatie_per_woning_C002.pdf,C002,UNKNOWN,,no_text_ocr_needed,5be62d59200856b09d623e61136c5b30365adfd6,filename_or_meta,0.2
/workspaces/docex/src/webapp/assistants/project_assistant/tools/chatbot/data/overige_documenten/6_Optie_informatie_per_woning_C003.pdf,6_Optie_informatie_per_woning_C003.pdf,C003,UNKNOWN,,no_text_ocr_needed,e9f6f7c0886efdfa70de784ec3a1f517434a7c5b,filename_or_meta,0.2
/workspaces/docex/src/webapp/assistants/project_assistant/tools/chatbot/data/overige_documenten/6_Optie_informatie_per_woning_C004.pdf,6_Optie_informatie_per_woning_C004.pdf,C004,UNKNOWN,,no_text_ocr_needed,203d0938729bb2eccb2a344c6b0d1d9a1418973a,filename_or_meta,0.2
/workspaces/docex/src/webapp/assistants/project_assistant/tools/chatbot/data/overige_documenten/6_Optie_informatie_per_woning_C005.pdf,6_Optie_informatie_per_woning_C005.pdf,C005,UNKNOWN,,no_text_ocr_needed,dc253ce0feca1a9234bcf24ce375b1d87031ab5e,filename_or_meta,0.2
/workspaces/docex/src/webapp/assistants/project_assistant/tools/chatbot/data/overige_documenten/6_Optie_informatie_per_woning_C006.pdf,6_Optie_informatie_per_woning_C006.pdf,C006,UNKNOWN,,no_text_ocr_needed,967711a436194e97dd6a196185f0e6d7eea1d74a,filename_or_meta,0.2
/workspaces/docex/src/webapp/assistants/project_assistant/tools/chatbot/data/overige_documenten/6_Optie_informatie_per_woning_C007.pdf,6_Optie_informatie_per_woning_C007.pdf,C007,UNKNOWN,,no_text_ocr_needed,404b63d626d258cb14681acfa540481d68bcdb61,filename_or_meta,0.2
/workspaces/docex/src/webapp/assistants/project_assistant/tools/chatbot/data/overige_documenten/7_Optie_informatie_per_project_C001.pdf,7_Optie_informatie_per_project_C001.pdf,C001,UNKNOWN,,no_text_ocr_needed,e8a1f53a719de0e71b2c5a02d4dc605a795010ef,filename_or_meta,0.2
/workspaces/docex/src/webapp/assistants/project_assistant/tools/chatbot/data/overige_documenten/7_Optie_informatie_per_project_C002.pdf,7_Optie_informatie_per_project_C002.pdf,C002,UNKNOWN,,no_text_ocr_needed,9208ff8d5a2624b748c07f230230079cb5a60964,filename_or_meta,0.2
/workspaces/docex/src/webapp/assistants/project_assistant/tools/chatbot/data/overige_documenten/7_Optie_informatie_per_project_C003.pdf,7_Optie_informatie_per_project_C003.pdf,C003,UNKNOWN,,no_text_ocr_needed,f7a5a54369a794a40d57b5d1064db9b3861e43fb,filename_or_meta,0.2
/workspaces/docex/src/webapp/assistants/project_assistant/tools/chatbot/data/overige_documenten/7_Optie_informatie_per_project_C004.pdf,7_Optie_informatie_per_project_C004.pdf,C004,UNKNOWN,,no_text_ocr_needed,08eacbf850961b094ab3497fe0bbbe8db2191149,filename_or_meta,0.2
/workspaces/docex/src/webapp/assistants/project_assistant/tools/chatbot/data/overige_documenten/7_Optie_informatie_per_project_C005.pdf,7_Optie_informatie_per_project_C005.pdf,C005,UNKNOWN,,no_text_ocr_needed,6f69a8e56f25ebef4645059a19da6fa4f6ea0263,filename_or_meta,0.2
/workspaces/docex/src/webapp/assistants/project_assistant/tools/chatbot/data/overige_documenten/7_Optie_informatie_per_project_C006.pdf,7_Optie_informatie_per_project_C006.pdf,C006,UNKNOWN,,no_text_ocr_needed,0c89b2d290d2a3eb782e7519c2f8660fb1de52ec,filename_or_meta,0.2
/workspaces/docex/src/webapp/assistants/project_assistant/tools/chatbot/data/overige_documenten/7_Optie_informatie_per_project_C007.pdf,7_Optie_informatie_per_project_C007.pdf,C007,UNKNOWN,,no_text_ocr_needed,be475f73ff5ced9acddd1750f2ea4d034b87d903,filename_or_meta,0.2
/workspaces/docex/src/webapp/assistants/project_assistant/tools/chatbot/data/overige_documenten/9_Projectinformatie_C001.pdf,9_Projectinformatie_C001.pdf,C001,UNKNOWN,,no_text_ocr_needed,b48119404eeb85787f82d51c3c6841a9d7727060,filename_or_meta,0.2
/workspaces/docex/src/webapp/assistants/project_assistant/tools/chatbot/data/overige_documenten/9_Projectinformatie_C002.pdf,9_Projectinformatie_C002.pdf,C002,UNKNOWN,,no_text_ocr_needed,6bef8b55f9e945ba1b9a5a435e1ea83807a7708b,filename_or_meta,0.2
/workspaces/docex/src/webapp/assistants/project_assistant/tools/chatbot/data/overige_documenten/9_Projectinformatie_C003.pdf,9_Projectinformatie_C003.pdf,C003,UNKNOWN,,no_text_ocr_needed,76c23908b5cf70f80a4c90a317f95cc0901efaab,filename_or_meta,0.2
/workspaces/docex/src/webapp/assistants/project_assistant/tools/chatbot/data/overige_documenten/9_Projectinformatie_C004.pdf,9_Projectinformatie_C004.pdf,C004,UNKNOWN,,no_text_ocr_needed,2e37059745abbfed4be46886e3fccdece23b6425,filename_or_meta,0.2
/workspaces/docex/src/webapp/assistants/project_assistant/tools/chatbot/data/overige_documenten/9_Projectinformatie_C005.pdf,9_Projectinformatie_C005.pdf,C005,UNKNOWN,,no_text_ocr_needed,49492df44616b4fa5feb908b51cd9647e893d3e8,filename_or_meta,0.2
/workspaces/docex/src/webapp/assistants/project_assistant/tools/chatbot/data/overige_documenten/9_Projectinformatie_C006.pdf,9_Projectinformatie_C006.pdf,C006,UNKNOWN,,no_text_ocr_needed,3cde15cef2ea18f5e96557dee7106d19cbcc49af,filename_or_meta,0.2
/workspaces/docex/src/webapp/assistants/project_assistant/tools/chatbot/data/overige_documenten/9_Projectinformatie_C007.pdf,9_Projectinformatie_C007.pdf,C007,UNKNOWN,,no_text_ocr_needed,f7fd697e2ab3474849cbf9d1a7ae04eaa64b722b,filename_or_meta,0.2
